{"cameraMode":{"drawMode":0,"name":"Shaded","section":"Shading Mode"},"sceneLighting":false,"audioPlay":false,"sceneViewState":{"showFog":true,"showMaterialUpdate":false,"showSkybox":true,"showFlares":true,"showImageEffects":true,"showParticleSystems":true},"in2DMode":false,"pivot":{"x":-4.0,"y":5.210000038146973,"z":-0.24000000953674317},"rotation":{"x":-0.21467849612236024,"y":0.35639655590057375,"z":-0.08450465649366379,"w":-0.9054025411605835},"size":2.8578836917877199,"orthographic":false}