{"cameraMode":{"drawMode":0,"name":"Shaded","section":"Shading Mode"},"sceneLighting":true,"audioPlay":false,"sceneViewState":{"showFog":true,"showMaterialUpdate":false,"showSkybox":true,"showFlares":true,"showImageEffects":true,"showParticleSystems":true},"in2DMode":false,"pivot":{"x":-3.8362607955932619,"y":14.436274528503418,"z":6.880847930908203},"rotation":{"x":0.2215842604637146,"y":0.46420156955718996,"z":-0.12115808576345444,"w":0.8489629030227661},"size":18.260618209838868,"orthographic":false}