{"cameraMode":{"drawMode":0,"name":"Shaded","section":"Shading Mode"},"sceneLighting":false,"audioPlay":false,"sceneViewState":{"showFog":true,"showMaterialUpdate":false,"showSkybox":true,"showFlares":true,"showImageEffects":true,"showParticleSystems":true},"in2DMode":false,"pivot":{"x":4.286003112792969,"y":4.5034685134887699,"z":3.2699999809265138},"rotation":{"x":0.22993695735931397,"y":0.605090856552124,"z":-0.18837587535381318,"w":0.7385855317115784},"size":3.7292332649230959,"orthographic":false}