{"cameraMode":{"drawMode":0,"name":"Shaded","section":"Shading Mode"},"sceneLighting":true,"audioPlay":false,"sceneViewState":{"showFog":true,"showMaterialUpdate":false,"showSkybox":true,"showFlares":true,"showImageEffects":true,"showParticleSystems":true},"in2DMode":false,"pivot":{"x":4.958514213562012,"y":4.917247295379639,"z":3.141829013824463},"rotation":{"x":0.11433999240398407,"y":-0.14343878626823426,"z":0.016686776652932168,"w":0.982890248298645},"size":8.412144660949707,"orthographic":true}