{"cameraMode":{"drawMode":0,"name":"Shaded","section":"Shading Mode"},"sceneLighting":false,"audioPlay":false,"sceneViewState":{"showFog":true,"showMaterialUpdate":false,"showSkybox":true,"showFlares":true,"showImageEffects":true,"showParticleSystems":true},"in2DMode":false,"pivot":{"x":-5.143911838531494,"y":6.119999885559082,"z":-0.5711212158203125},"rotation":{"x":-0.17385879158973695,"y":0.3922807574272156,"z":-0.07577256113290787,"w":-0.900081992149353},"size":0.7144709229469299,"orthographic":false}