{"cameraMode":{"drawMode":0,"name":"Shaded","section":"Shading Mode"},"sceneLighting":false,"audioPlay":false,"sceneViewState":{"showFog":true,"showMaterialUpdate":false,"showSkybox":true,"showFlares":true,"showImageEffects":true,"showParticleSystems":true},"in2DMode":false,"pivot":{"x":1.0150001049041749,"y":8.470000267028809,"z":4.449999809265137},"rotation":{"x":0.10928039252758026,"y":0.7097291946411133,"z":-0.11294060945510864,"w":0.6867217421531677},"size":32.33769989013672,"orthographic":false}