{"cameraMode":{"drawMode":0,"name":"Shaded","section":"Shading Mode"},"sceneLighting":false,"audioPlay":false,"sceneViewState":{"showFog":true,"showMaterialUpdate":false,"showSkybox":true,"showFlares":true,"showImageEffects":true,"showParticleSystems":true},"in2DMode":false,"pivot":{"x":-0.9438318610191345,"y":-3.939507007598877,"z":1.878356695175171},"rotation":{"x":-0.02613687701523304,"y":0.9728625416755676,"z":-0.18338051438331605,"w":-0.13866160809993745},"size":10.164985656738282,"orthographic":false}