{"cameraMode":{"drawMode":0,"name":"Shaded","section":"Shading Mode"},"sceneLighting":false,"audioPlay":false,"sceneViewState":{"showFog":true,"showMaterialUpdate":false,"showSkybox":true,"showFlares":true,"showImageEffects":true,"showParticleSystems":true},"in2DMode":false,"pivot":{"x":-4.0,"y":6.654999732971191,"z":1.4950001239776612},"rotation":{"x":0.07270247489213944,"y":0.5705180764198303,"z":-0.050800736993551257,"w":0.8164820075035095},"size":33.90149688720703,"orthographic":false}