{"cameraMode":{"drawMode":0,"name":"Shaded","section":"Shading Mode"},"sceneLighting":false,"audioPlay":false,"sceneViewState":{"showFog":true,"showMaterialUpdate":false,"showSkybox":true,"showFlares":true,"showImageEffects":true,"showParticleSystems":true},"in2DMode":false,"pivot":{"x":-0.3623083829879761,"y":1.2187068462371827,"z":1.8906333446502686},"rotation":{"x":0.22473469376564027,"y":0.2852745056152344,"z":-0.06899823248386383,"w":0.9291674494743347},"size":4.286836624145508,"orthographic":false}